Stats,1 Hour,24 Hours,7 Days,30 Days
Change %,1.89%,3.78%,2.75%,-24.16%
High,1.34900,1.36900,1.36900,1.81600
Low,1.32200,1.28900,1.18200,1.18200
