Stats,1 Hour,24 Hours,7 Days,30 Days
Change %,1.76%,2.37%,1.53%,-29.72%
High,0.03596,0.03637,0.03651,0.05299
Low,0.03522,0.03458,0.03166,0.02576
