Stats,1 Hour,24 Hours,7 Days,30 Days
Change %,0.95%,9.22%,8.04%,-14.15%
High,0.00005508,0.00005532,0.00005532,0.00008413
Low,0.00005439,0.00005032,0.00004741,0.00004621
