Stats,1 Hour,24 Hours,7 Days,30 Days
Change %,0.25%,-5.07%,9.35%,-34.72%
High,0.55740,0.58580,0.59500,0.86440
Low,0.54770,0.54390,0.43100,0.43100
