Stats,1 Hour,24 Hours,7 Days,30 Days
Change %,1.06%,-3.23%,6.38%,-24.97%
High,0.06115,0.06450,0.08200,0.13828
Low,0.06037,0.05966,0.05585,0.05131
