Stats,1 Hour,24 Hours,7 Days,30 Days
Change %,1.03%,4.37%,3.06%,-22.41%
High,0.08988,0.09045,0.09045,0.11780
Low,0.08836,0.08534,0.07613,0.06469
