Stats,1 Hour,24 Hours,7 Days,30 Days
Change %,-1.06%,-1.51%,0.69%,2.53%
High,0.12368,0.13076,0.16498,0.17404
Low,0.12088,0.12000,0.11272,0.08986
