Stats,1 Hour,24 Hours,7 Days,30 Days
Change %,0.91%,0.03%,-9.00%,-21.76%
High,0.07993,0.08033,0.08809,0.10370
Low,0.07891,0.07820,0.07488,0.07305
