Stats,1 Hour,24 Hours,7 Days,30 Days
Change %,2.12%,5.19%,6.16%,-30.32%
High,0.088860,0.088950,0.088950,0.133290
Low,0.086300,0.083470,0.076100,0.070000
