Stats,1 Hour,24 Hours,7 Days,30 Days
Change %,0.16%,-0.36%,8.35%,-8.62%
High,0.019330,0.020014,0.023607,0.025800
Low,0.019300,0.019104,0.017212,0.016425
