Stats,1 Hour,24 Hours,7 Days,30 Days
Change %,2.05%,0.62%,0.48%,-18.51%
High,0.27440,0.27700,0.27700,0.36490
Low,0.26830,0.26430,0.24560,0.22360
