Stats,1 Hour,24 Hours,7 Days,30 Days
Change %,0.45%,1.41%,1.71%,-17.38%
High,192.21000,194.44000,199.14000,251.00000
Low,190.66000,187.70000,176.89000,176.89000
