Stats,1 Hour,24 Hours,7 Days,30 Days
Change %,1.88%,4.46%,21.18%,-3.29%
High,1.02000,1.02000,1.02000,1.07374
Low,0.98135,0.92323,0.77623,0.65200
