Stats,1 Hour,24 Hours,7 Days,30 Days
Change %,3.13%,3.87%,2.13%,-32.49%
High,0.292900,0.293700,0.298300,0.529800
Low,0.283800,0.280300,0.248100,0.239320
