Stats,1 Hour,24 Hours,7 Days,30 Days
Change %,-0.48%,1.27%,6.51%,-24.66%
High,0.001453,0.001461,0.002413,0.002413
Low,0.001439,0.001415,0.001332,0.001246
