Stats,1 Hour,24 Hours,7 Days,30 Days
Change %,4.92%,8.55%,15.61%,-12.55%
High,1.70670,1.70670,1.70670,2.67000
Low,1.62260,1.51600,1.30960,1.15380
