Stats,1 Hour,24 Hours,7 Days,30 Days
Change %,0.00%,3.65%,5.75%,-13.22%
High,0.455993,0.459627,0.499242,0.832999
Low,0.455993,0.431251,0.400011,0.385667
