Stats,1 Hour,24 Hours,7 Days,30 Days
Change %,0.97%,-2.39%,26.05%,-10.89%
High,0.32680,0.34330,0.34330,0.37490
Low,0.31960,0.31390,0.24060,0.21110
