Stats,1 Hour,24 Hours,7 Days,30 Days
Change %,-0.39%,-0.03%,1.73%,7.06%
High,3.61170,3.72000,3.72000,3.74010
Low,3.59690,3.59000,3.45410,3.10140
