Stats,1 Hour,24 Hours,7 Days,30 Days
Change %,0.15%,6.58%,25.49%,71.46%
High,2.70300,2.70900,2.70900,2.70900
Low,2.65200,2.45400,1.93600,1.49200
