Stats,1 Hour,24 Hours,7 Days,30 Days
Change %,0.00%,-8.43%,8.99%,-21.02%
High,0.06116,0.06679,0.06679,0.08800
Low,0.06116,0.05556,0.05556,0.05300
