Stats,1 Hour,24 Hours,7 Days,30 Days
Change %,0.62%,5.56%,10.43%,-22.87%
High,0.06900,0.06934,0.06934,0.09580
Low,0.06803,0.06423,0.05723,0.05264
